"","Player","Team","Type","M","Inn","B","Runs","Wkts","Econ","Avg","SR","X5W","X10W"
"1","Virat Kohli","India","IPL",192,26,251,368,4,8.8,92,62.75,0,0
"2","Rohit Sharma","India","IPL",200,30,332,440,15,7.95,29.33,22.13,0,0
"3","Shikhar Dhawan","India","IPL",176,6,48,66,4,8.25,16.5,12,0,0
"4","Shubman Gill","India","IPL",41,0,0,0,0,0,0,0,0,0
"5","Shreyas Iyer","India","IPL",79,0,0,0,0,0,0,0,0,0
"6","Manish Pandey","India","IPL",146,0,0,0,0,0,0,0,0,0
"7","Mayank Agarwal","India","IPL",88,0,0,0,0,0,0,0,0,0
"8","Prithvi Shaw","India","IPL",38,0,0,0,0,0,0,0,0,0
"9","Cheteshwar Pujara","India","IPL",30,0,0,0,0,0,0,0,0,0
"10","Ajinkya Rahane","India","IPL",149,1,6,5,1,5,5,6,0,0
"11","Hardik Pandya","India","IPL",80,60,869,1313,42,9.07,31.26,20.69,0,0
"12","Hanuma Vihari","India","IPL",24,6,42,47,1,6.71,47,42,0,0
"13","Ravindra Jadeja","India","IPL",184,155,2713,3470,114,7.67,30.44,23.8,1,0
"14","Ravichandran Ashwin","India","IPL",154,151,3230,3700,138,6.87,26.81,23.41,0,0
"15","KL Rahul","India","IPL",81,0,0,0,0,0,0,0,0,0
"16","Sanju Samson","India","IPL",107,0,0,0,0,0,0,0,0,0
"17","Wriddhiman Saha","India","IPL",124,0,0,0,0,0,0,0,0,0
"18","Rishabh Pant","India","IPL",68,0,0,0,0,0,0,0,0,0
"19","Mohammed Shami","India","IPL",63,63,1354,2007,60,8.89,33.45,22.57,0,0
"20","Jasprit Bumrah","India","IPL",92,92,2092,2587,109,7.42,23.73,19.19,0,0
"21","Kuldeep Yadav","India","IPL",45,43,896,1236,40,8.28,30.9,22.4,0,0
"22","Yuzvendra Chahal","India","IPL",99,98,2130,2723,121,7.67,22.5,17.6,0,0
"23","Navdeep Saini","India","IPL",26,26,562,776,17,8.28,45.65,33.06,0,0
"24","Shardul Thakur","India","IPL",45,44,901,1340,46,8.92,29.13,19.59,0,0
"25","Umesh Yadav","India","IPL",121,120,2522,3579,119,8.51,30.08,21.19,0,0
"26","Mohammed Siraj","India","IPL",35,35,716,1084,39,9.08,27.79,18.36,0,0
"27","William Porterfield","Ireland","IPL",0,0,0,0,0,0,0,0,0,0
"28","James McCollum","Ireland","IPL",0,0,0,0,0,0,0,0,0,0
"29","Andrew Balbirnie","Ireland","IPL",0,0,0,0,0,0,0,0,0,0
"30","Tyrone Kane","Ireland","IPL",0,0,0,0,0,0,0,0,0,0
"31","Kevin O Brien","Ireland","IPL",0,0,0,0,0,0,0,0,0,0
"32","Paul Stirling","Ireland","IPL",0,0,0,0,0,0,0,0,0,0
"33","Stuart Thompson","Ireland","IPL",0,0,0,0,0,0,0,0,0,0
"34","Gary Wilson","Ireland","IPL",0,0,0,0,0,0,0,0,0,0
"35","Lorcan Tucker","Ireland","IPL",0,0,0,0,0,0,0,0,0,0
"36","Peter Chase","Ireland","IPL",0,0,0,0,0,0,0,0,0,0
"37","George Dockrell","Ireland","IPL",0,0,0,0,0,0,0,0,0,0
"38","Tim Murtagh","Ireland","IPL",0,0,0,0,0,0,0,0,0,0
"39","Mark Adair","Ireland","IPL",0,0,0,0,0,0,0,0,0,0
"40","Andy McBrine","Ireland","IPL",0,0,0,0,0,0,0,0,0,0
"41","Barry McCarthy","Ireland","IPL",0,0,0,0,0,0,0,0,0,0
"42","Boyd Rankin","Ireland","IPL",0,0,0,0,0,0,0,0,0,0
"43","Fakhar Zaman","Pakistan","IPL",0,0,0,0,0,0,0,0,0,0
"44","Imam-ul-Haq","Pakistan","IPL",0,0,0,0,0,0,0,0,0,0
"45","Babar Azam","Pakistan","IPL",0,0,0,0,0,0,0,0,0,0
"46","Asif Ali","Pakistan","IPL",0,0,0,0,0,0,0,0,0,0
"47","Haris Sohail","Pakistan","IPL",0,0,0,0,0,0,0,0,0,0
"48","Mohammad Hafeez","Pakistan","IPL",8,4,60,68,2,6.8,34,30,0,0
"49","Shadab Khan","Pakistan","IPL",0,0,0,0,0,0,0,0,0,0
"50","Imad Wasim","Pakistan","IPL",0,0,0,0,0,0,0,0,0,0
"51","Sarfaraz Ahmed","Pakistan","IPL",0,0,0,0,0,0,0,0,0,0
"52","Wahab Riaz","Pakistan","IPL",0,0,0,0,0,0,0,0,0,0
"53","Shaheen Afridi","Pakistan","IPL",0,0,0,0,0,0,0,0,0,0
"54","Hasan Ali","Pakistan","IPL",0,0,0,0,0,0,0,0,0,0
"55","Mohammad Hasnain","Pakistan","IPL",0,0,0,0,0,0,0,0,0,0
"56","Mohammad Amir","Pakistan","IPL",0,0,0,0,0,0,0,0,0,0
"57","Aaron Finch","Australia","IPL",87,5,43,67,1,9.35,67,43,0,0
"58","Steven Smith","Australia","IPL",95,1,2,5,0,0,0,0,0,0
"59","David Warner","Australia","IPL",142,1,1,2,0,0,0,0,0,0
"60","Joe Burns","Australia","IPL",0,0,0,0,0,0,0,0,0,0
"61","Will Pucovski","Australia","IPL",0,0,0,0,0,0,0,0,0,0
"62","Glenn Maxwell","Australia","IPL",82,50,546,780,19,8.57,41.05,28.74,0,0
"63","Marcus Stoinis","Australia","IPL",46,37,545,852,28,9.38,30.43,19.46,0,0
"64","Moises Henriques","Australia","IPL",57,55,890,1244,38,8.39,32.74,23.42,0,0
"65","Marnus Labuschagne","Australia","IPL",0,0,0,0,0,0,0,0,0,0
"66","Travis Head","Australia","IPL",10,5,48,81,2,10.12,40.5,24,0,0
"67","Michael Neser","Australia","IPL",1,1,24,62,0,15.5,0,0,0,0
"68","Ashton Agar","Australia","IPL",0,0,0,0,0,0,0,0,0,0
"69","Cameron Green","Australia","IPL",0,0,0,0,0,0,0,0,0,0
"70","Daniel Sams","Australia","IPL",3,3,72,114,0,9.5,0,0,0,0
"71","Alex Carey","Australia","IPL",3,0,0,0,0,0,0,0,0,0
"72","Matthew Wade","Australia","IPL",3,0,0,0,0,0,0,0,0,0
"73","Tim Paine","Australia","IPL",2,0,0,0,0,0,0,0,0,0
"74","Pat Cummins","Australia","IPL",30,30,673,908,29,8.1,31.31,23.21,0,0
"75","Nathan Lyon","Australia","IPL",0,0,0,0,0,0,0,0,0,0
"76","Mitchell Starc","Australia","IPL",27,26,580,693,34,7.17,20.38,17.06,0,0
"77","Adam Zampa","Australia","IPL",14,14,287,370,21,7.74,17.62,13.67,1,0
"78","Sean Abbott","Australia","IPL",2,2,30,57,0,11.4,0,0,0,0
"79","Josh Hazlewood","Australia","IPL",3,3,60,64,1,6.4,64,60,0,0
"80","Andrew Tye","Australia","IPL",27,27,618,872,40,8.47,21.8,15.45,1,0
"81","James Pattinson","Australia","IPL",10,10,213,320,11,9.01,29.09,19.36,0,0
"82","Mitchell Swepson","Australia","IPL",0,0,0,0,0,0,0,0,0,0
"83","Lahiru Thirimanne","Sri-Lanka","IPL",0,0,0,0,0,0,0,0,0,0
"84","Dimuth Karunaratne","Sri-Lanka","IPL",0,0,0,0,0,0,0,0,0,0
"85","Avishka Fernando","Sri-Lanka","IPL",0,0,0,0,0,0,0,0,0,0
"86","Kusal Mendis","Sri-Lanka","IPL",0,0,0,0,0,0,0,0,0,0
"87","Angelo Mathews","Sri-Lanka","IPL",49,44,791,1079,27,8.18,39.96,29.3,0,0
"88","Dhananjaya de Silva","Sri-Lanka","IPL",0,0,0,0,0,0,0,0,0,0
"89","Milinda Siriwardana","Sri-Lanka","IPL",0,0,0,0,0,0,0,0,0,0
"90","Thisara Perera","Sri-Lanka","IPL",37,36,698,1016,31,8.73,32.77,22.52,0,0
"91","Isuru Udana","Sri-Lanka","IPL",10,10,174,282,8,9.72,35.25,21.75,0,0
"92","Jeevan Mendis","Sri-Lanka","IPL",3,2,30,36,1,7.2,36,30,0,0
"93","Kusal Perera","Sri-Lanka","IPL",2,0,0,0,0,0,0,0,0,0
"94","Suranga Lakmal","Sri-Lanka","IPL",0,0,0,0,0,0,0,0,0,0
"95","Lasith Malinga","Sri-Lanka","IPL",122,122,2827,3365,170,7.14,19.79,16.63,1,0
"96","Jeffrey Vandersay","Sri-Lanka","IPL",0,0,0,0,0,0,0,0,0,0
"97","Nuwan Pradeep","Sri-Lanka","IPL",0,0,0,0,0,0,0,0,0,0
"98","Tamim Iqbal","Bangladesh","IPL",0,0,0,0,0,0,0,0,0,0
"99","Soumya Sarkar","Bangladesh","IPL",0,0,0,0,0,0,0,0,0,0
"100","Sabbir Rahman","Bangladesh","IPL",0,0,0,0,0,0,0,0,0,0
"101","Mahmudullah","Bangladesh","IPL",0,0,0,0,0,0,0,0,0,0
"102","Shakib Al Hasan","Bangladesh","IPL",63,62,1328,1652,59,7.46,28,22.51,0,0
"103","Mohammad Saifuddin","Bangladesh","IPL",0,0,0,0,0,0,0,0,0,0
"104","Mosaddek Hossain","Bangladesh","IPL",0,0,0,0,0,0,0,0,0,0
"105","Mehidy Hasan","Bangladesh","IPL",0,0,0,0,0,0,0,0,0,0
"106","Mushfiqur Rahim","Bangladesh","IPL",0,0,0,0,0,0,0,0,0,0
"107","Liton Das","Bangladesh","IPL",0,0,0,0,0,0,0,0,0,0
"108","Mohammad Mithun","Bangladesh","IPL",0,0,0,0,0,0,0,0,0,0
"109","Mashrafe Mortaza","Bangladesh","IPL",1,1,24,58,0,14.5,0,0,0,0
"110","Rubel Hossain","Bangladesh","IPL",0,0,0,0,0,0,0,0,0,0
"111","Mustafizur Rahman","Bangladesh","IPL",24,24,547,685,24,7.51,28.54,22.79,0,0
"112","Abu Jayed","Bangladesh","IPL",0,0,0,0,0,0,0,0,0,0
"113","Eoin Morgan","England","IPL",66,0,0,0,0,0,0,0,0,0
"114","Joe Root","England","IPL",0,0,0,0,0,0,0,0,0,0
"115","Jason Roy","England","IPL",8,0,0,0,0,0,0,0,0,0
"116","Liam Livingstone","England","IPL",4,1,6,13,0,13,0,0,0,0
"117","Dawid Malan","England","IPL",0,0,0,0,0,0,0,0,0,0
"118","Moeen Ali","England","IPL",19,17,259,308,10,7.14,30.8,25.9,0,0
"119","Ben Stokes","England","IPL",42,36,677,962,28,8.53,34.36,24.18,0,0
"120","Chris Woakes","England","IPL",18,18,374,576,25,9.24,23.04,14.96,0,0
"121","Tom Curran","England","IPL",10,10,170,326,9,11.51,36.22,18.89,0,0
"122","Lewis Gregory","England","IPL",0,0,0,0,0,0,0,0,0,0
"123","Sam Curran","England","IPL",23,22,450,667,23,8.89,29,19.57,0,0
"124","Jonny Bairstow","England","IPL",21,0,0,0,0,0,0,0,0,0
"125","Jos Buttler","England","IPL",58,0,0,0,0,0,0,0,0,0
"126","Sam Billings","England","IPL",22,0,0,0,0,0,0,0,0,0
"127","Adil Rashid","England","IPL",0,0,0,0,0,0,0,0,0,0
"128","Mark Wood","England","IPL",1,1,24,49,0,12.25,0,0,0,0
"129","Jofra Archer","England","IPL",35,35,825,981,46,7.13,21.33,17.93,0,0
"130","Olly Stone","England","IPL",0,0,0,0,0,0,0,0,0,0
"131","Reece Topley","England","IPL",0,0,0,0,0,0,0,0,0,0
"132","Chris Jordan","England","IPL",20,20,387,602,21,9.33,28.67,18.43,0,0
"133","Darren Bravo","West-Indies","IPL",1,0,0,0,0,0,0,0,0,0
"134","Chris Gayle","West-Indies","IPL",132,38,554,729,18,7.9,40.5,30.78,0,0
"135","Evin Lewis","West-Indies","IPL",16,0,0,0,0,0,0,0,0,0
"136","Shimron Hetmyer","West-Indies","IPL",17,0,0,0,0,0,0,0,0,0
"137","Fabian Allen","West-Indies","IPL",0,0,0,0,0,0,0,0,0,0
"138","Jason Holder","West-Indies","IPL",18,18,384,539,19,8.42,28.37,20.21,0,0
"139","Andre Russell","West-Indies","IPL",74,68,1147,1713,61,8.96,28.08,18.8,0,0
"140","Carlos Brathwaite","West-Indies","IPL",16,16,254,379,13,8.95,29.15,19.54,0,0
"141","Shai Hope","West-Indies","IPL",0,0,0,0,0,0,0,0,0,0
"142","Nicholas Pooran","West-Indies","IPL",21,0,0,0,0,0,0,0,0,0
"143","Shannon Gabriel","West-Indies","IPL",0,0,0,0,0,0,0,0,0,0
"144","Kemar Roach","West-Indies","IPL",2,2,48,80,0,10,0,0,0,0
"145","Ashley Nurse","West-Indies","IPL",0,0,0,0,0,0,0,0,0,0
"146","Oshane Thomas","West-Indies","IPL",4,4,60,79,5,7.9,15.8,12,0,0
"147","Faf du Plessis","South-Africa","IPL",84,1,6,16,0,16,0,0,0,0
"148","David Miller","South-Africa","IPL",80,0,0,0,0,0,0,0,0,0
"149","Aiden Markram","South-Africa","IPL",0,0,0,0,0,0,0,0,0,0
"150","Rassie van der Dussen","South-Africa","IPL",0,0,0,0,0,0,0,0,0,0
"151","Jean-Paul Duminy","South-Africa","IPL",83,49,678,834,23,7.38,36.26,29.48,0,0
"152","Andile Phehlukwayo","South-Africa","IPL",0,0,0,0,0,0,0,0,0,0
"153","Dwaine Pretorius","South-Africa","IPL",0,0,0,0,0,0,0,0,0,0
"154","Chris Morris","South-Africa","IPL",70,70,1474,1919,80,7.81,23.99,18.43,0,0
"155","Quinton de Kock","South-Africa","IPL",66,0,0,0,0,0,0,0,0,0
"156","Imran Tahir","South-Africa","IPL",58,58,1292,1687,80,7.83,21.09,16.15,0,0
"157","Kagiso Rabada","South-Africa","IPL",35,35,804,1104,61,8.24,18.1,13.18,0,0
"158","Lungi Ngidi","South-Africa","IPL",11,11,252,323,20,7.69,16.15,12.6,0,0
"159","Tabraiz Shamsi","South-Africa","IPL",4,4,96,147,3,9.19,49,32,0,0
"160","Beuran Hendricks","South-Africa","IPL",7,7,150,235,9,9.4,26.11,16.67,0,0
"161","Craig Ervine","Zimbabwe","IPL",0,0,0,0,0,0,0,0,0,0
"162","Hamilton Masakadza","Zimbabwe","IPL",0,0,0,0,0,0,0,0,0,0
"163","Sikandar Raza","Zimbabwe","IPL",0,0,0,0,0,0,0,0,0,0
"164","Sean Williams","Zimbabwe","IPL",0,0,0,0,0,0,0,0,0,0
"165","Solomon Mire","Zimbabwe","IPL",0,0,0,0,0,0,0,0,0,0
"166","Brian Chari","Zimbabwe","IPL",0,0,0,0,0,0,0,0,0,0
"167","Timycen Maruma","Zimbabwe","IPL",0,0,0,0,0,0,0,0,0,0
"168","Elton Chigumbura","Zimbabwe","IPL",0,0,0,0,0,0,0,0,0,0
"169","Regis Chakabva","Zimbabwe","IPL",0,0,0,0,0,0,0,0,0,0
"170","Brendan Taylor","Zimbabwe","IPL",0,0,0,0,0,0,0,0,0,0
"171","Peter Moor","Zimbabwe","IPL",0,0,0,0,0,0,0,0,0,0
"172","Tendai Chatara","Zimbabwe","IPL",0,0,0,0,0,0,0,0,0,0
"173","Donald Tiripano","Zimbabwe","IPL",0,0,0,0,0,0,0,0,0,0
"174","Chris Mpofu","Zimbabwe","IPL",0,0,0,0,0,0,0,0,0,0
"175","Kyle Jarvis","Zimbabwe","IPL",0,0,0,0,0,0,0,0,0,0
"176","Brandon Mavuta","Zimbabwe","IPL",0,0,0,0,0,0,0,0,0,0
"177","Martin Guptill","New-Zealand","IPL",13,0,0,0,0,0,0,0,0,0
"178","Ross Taylor","New-Zealand","IPL",55,2,12,24,0,12,0,0,0,0
"179","Kane Williamson","New-Zealand","IPL",53,2,18,31,0,10.33,0,0,0,0
"180","Henry Nicholls","New-Zealand","IPL",0,0,0,0,0,0,0,0,0,0
"181","James Neesham","New-Zealand","IPL",9,9,144,239,3,9.96,79.67,48,0,0
"182","Colin de Grandhomme","New-Zealand","IPL",25,19,216,319,6,8.86,53.17,36,0,0
"183","Colin Munro","New-Zealand","IPL",13,2,12,15,0,7.5,0,0,0,0
"184","Mitchell Santner","New-Zealand","IPL",6,6,126,147,6,7,24.5,21,0,0
"185","Tom Latham","New-Zealand","IPL",0,0,0,0,0,0,0,0,0,0
"186","Tom Blundell","New-Zealand","IPL",0,0,0,0,0,0,0,0,0,0
"187","Trent Boult","New-Zealand","IPL",48,48,1109,1577,63,8.53,25.03,17.6,0,0
"188","Matt Henry","New-Zealand","IPL",2,2,30,71,1,14.2,71,30,0,0
"189","Tim Southee","New-Zealand","IPL",40,40,888,1293,28,8.74,46.18,31.71,0,0
"190","Ish Sodhi","New-Zealand","IPL",8,8,181,202,9,6.7,22.44,20.11,0,0
"191","Lockie Ferguson","New-Zealand","IPL",14,14,299,424,11,8.51,38.55,27.18,0,0
"192","Hashmatullah Shahidi","Afghanistan","IPL",0,0,0,0,0,0,0,0,0,0
"193","Hazratullah Zazai","Afghanistan","IPL",0,0,0,0,0,0,0,0,0,0
"194","Najibullah Zadran","Afghanistan","IPL",0,0,0,0,0,0,0,0,0,0
"195","Noor Ali Zadran","Afghanistan","IPL",0,0,0,0,0,0,0,0,0,0
"196","Rahmat Shah","Afghanistan","IPL",0,0,0,0,0,0,0,0,0,0
"197","Samiullah Shinwari","Afghanistan","IPL",0,0,0,0,0,0,0,0,0,0
"198","Gulbadin Naib","Afghanistan","IPL",0,0,0,0,0,0,0,0,0,0
"199","Mohammad Nabi","Afghanistan","IPL",14,14,295,322,11,6.55,29.27,26.82,0,0
"200","Mohammad Shahzad","Afghanistan","IPL",0,0,0,0,0,0,0,0,0,0
"201","Aftab Alam","Afghanistan","IPL",0,0,0,0,0,0,0,0,0,0
"202","Dawlat Zadran","Afghanistan","IPL",0,0,0,0,0,0,0,0,0,0
"203","Hamid Hassan","Afghanistan","IPL",0,0,0,0,0,0,0,0,0,0
"204","Rashid Khan","Afghanistan","IPL",62,62,1476,1537,75,6.25,20.49,19.68,0,0
"205","Mujeeb Ur Rahman","Afghanistan","IPL",18,18,410,563,17,8.24,33.12,24.12,0,0
"206","Virat Kohli","India","ODI",251,48,641,665,4,6.22,166.25,160.25,0,0
"207","Rohit Sharma","India","ODI",224,38,593,515,8,5.21,64.38,74.12,0,0
"208","Shikhar Dhawan","India","ODI",139,0,0,0,0,0,0,0,0,0
"209","Shubman Gill","India","ODI",3,0,0,0,0,0,0,0,0,0
"210","Shreyas Iyer","India","ODI",21,2,12,15,0,7.5,0,0,0,0
"211","Manish Pandey","India","ODI",26,0,0,0,0,0,0,0,0,0
"212","Mayank Agarwal","India","ODI",5,1,6,10,0,10,0,0,0,0
"213","Prithvi Shaw","India","ODI",3,0,0,0,0,0,0,0,0,0
"214","Cheteshwar Pujara","India","ODI",5,0,0,0,0,0,0,0,0,0
"215","Ajinkya Rahane","India","ODI",90,0,0,0,0,0,0,0,0,0
"216","Hardik Pandya","India","ODI",57,54,2392,2219,55,5.57,40.35,43.49,0,0
"217","Hanuma Vihari","India","ODI",0,0,0,0,0,0,0,0,0,0
"218","Ravindra Jadeja","India","ODI",168,164,8557,7024,188,4.93,37.36,45.52,1,0
"219","Ravichandran Ashwin","India","ODI",111,109,6021,4937,150,4.92,32.91,40.14,0,0
"220","KL Rahul","India","ODI",35,0,0,0,0,0,0,0,0,0
"221","Sanju Samson","India","ODI",0,0,0,0,0,0,0,0,0,0
"222","Wriddhiman Saha","India","ODI",9,0,0,0,0,0,0,0,0,0
"223","Rishabh Pant","India","ODI",16,0,0,0,0,0,0,0,0,0
"224","Mohammed Shami","India","ODI",79,78,4044,3793,148,5.63,25.63,27.32,1,0
"225","Jasprit Bumrah","India","ODI",67,67,3523,2736,108,4.66,25.33,32.62,1,0
"226","Kuldeep Yadav","India","ODI",61,59,3252,2778,105,5.13,26.46,30.97,1,0
"227","Yuzvendra Chahal","India","ODI",54,53,2893,2511,92,5.21,27.29,31.45,2,0
"228","Navdeep Saini","India","ODI",7,7,390,454,6,6.98,75.67,65,0,0
"229","Shardul Thakur","India","ODI",12,12,582,660,15,6.8,44,38.8,0,0
"230","Umesh Yadav","India","ODI",75,73,3558,3565,106,6.01,33.63,33.57,0,0
"231","Mohammed Siraj","India","ODI",1,1,60,76,0,7.6,0,0,0,0
"232","William Porterfield","Ireland","ODI",138,0,0,0,0,0,0,0,0,0
"233","James McCollum","Ireland","ODI",9,0,0,0,0,0,0,0,0,0
"234","Andrew Balbirnie","Ireland","ODI",70,4,60,68,2,6.8,34,30,0,0
"235","Tyrone Kane","Ireland","ODI",0,0,0,0,0,0,0,0,0,0
"236","Kevin O Brien","Ireland","ODI",148,113,4224,3672,113,5.22,32.5,37.38,0,0
"237","Paul Stirling","Ireland","ODI",120,74,2393,1903,43,4.77,44.26,55.65,1,0
"238","Stuart Thompson","Ireland","ODI",19,16,559,490,12,5.26,40.83,46.58,0,0
"239","Gary Wilson","Ireland","ODI",104,0,0,0,0,0,0,0,0,0
"240","Lorcan Tucker","Ireland","ODI",12,0,0,0,0,0,0,0,0,0
"241","Peter Chase","Ireland","ODI",24,24,1238,1356,34,6.57,39.88,36.41,0,0
"242","George Dockrell","Ireland","ODI",87,85,4232,3328,89,4.72,37.39,47.55,0,0
"243","Tim Murtagh","Ireland","ODI",58,57,3020,2290,74,4.55,30.95,40.81,1,0
"244","Mark Adair","Ireland","ODI",14,14,645,691,17,6.43,40.65,37.94,0,0
"245","Andy McBrine","Ireland","ODI",48,47,2387,1806,48,4.54,37.62,49.73,0,0
"246","Barry McCarthy","Ireland","ODI",32,32,1590,1546,57,5.83,27.12,27.89,1,0
"247","Boyd Rankin","Ireland","ODI",75,73,3708,2958,107,4.79,27.64,34.65,0,0
"248","Fakhar Zaman","Pakistan","ODI",47,7,135,111,1,4.93,111,135,0,0
"249","Imam-ul-Haq","Pakistan","ODI",40,0,0,0,0,0,0,0,0,0
"250","Babar Azam","Pakistan","ODI",77,0,0,0,0,0,0,0,0,0
"251","Asif Ali","Pakistan","ODI",18,1,5,9,0,0,0,0,0,0
"252","Haris Sohail","Pakistan","ODI",42,21,642,613,11,5.73,55.73,58.36,0,0
"253","Mohammad Hafeez","Pakistan","ODI",218,177,7733,5401,139,4.19,38.86,55.63,0,0
"254","Shadab Khan","Pakistan","ODI",43,41,2088,1750,59,5.03,29.66,35.39,0,0
"255","Imad Wasim","Pakistan","ODI",55,53,2403,1957,44,4.89,44.48,54.61,1,0
"256","Sarfaraz Ahmed","Pakistan","ODI",116,1,12,15,0,7.5,0,0,0,0
"257","Wahab Riaz","Pakistan","ODI",91,90,4327,4117,120,5.71,34.31,36.06,1,0
"258","Shaheen Afridi","Pakistan","ODI",22,21,1104,974,45,5.29,21.64,24.53,2,0
"259","Hasan Ali","Pakistan","ODI",53,51,2548,2381,82,5.61,29.04,31.07,3,0
"260","Mohammad Hasnain","Pakistan","ODI",6,6,306,329,10,6.45,32.9,30.6,1,0
"261","Mohammad Amir","Pakistan","ODI",61,60,3013,2400,81,4.78,29.63,37.2,1,0
"262","Aaron Finch","Australia","ODI",132,21,284,259,4,5.47,64.75,71,0,0
"263","Steven Smith","Australia","ODI",128,40,1076,971,28,5.41,34.68,38.43,0,0
"264","David Warner","Australia","ODI",128,1,6,8,0,8,0,0,0,0
"265","Joe Burns","Australia","ODI",6,0,0,0,0,0,0,0,0,0
"266","Will Pucovski","Australia","ODI",0,0,0,0,0,0,0,0,0,0
"267","Glenn Maxwell","Australia","ODI",116,91,2840,2683,51,5.67,52.61,55.69,0,0
"268","Marcus Stoinis","Australia","ODI",45,42,1476,1506,33,6.12,45.64,44.73,0,0
"269","Moises Henriques","Australia","ODI",13,12,402,347,8,5.18,43.38,50.25,0,0
"270","Marnus Labuschagne","Australia","ODI",13,3,24,36,0,9,0,0,0,0
"271","Travis Head","Australia","ODI",42,26,765,737,12,5.78,61.42,63.75,0,0
"272","Michael Neser","Australia","ODI",2,2,100,120,2,7.2,60,50,0,0
"273","Ashton Agar","Australia","ODI",14,14,714,663,12,5.57,55.25,59.5,0,0
"274","Cameron Green","Australia","ODI",1,1,24,27,0,6.75,0,0,0,0
"275","Daniel Sams","Australia","ODI",0,0,0,0,0,0,0,0,0,0
"276","Alex Carey","Australia","ODI",42,0,0,0,0,0,0,0,0,0
"277","Matthew Wade","Australia","ODI",94,0,0,0,0,0,0,0,0,0
"278","Tim Paine","Australia","ODI",35,0,0,0,0,0,0,0,0,0
"279","Pat Cummins","Australia","ODI",69,69,3651,3195,111,5.25,28.78,32.89,1,0
"280","Nathan Lyon","Australia","ODI",29,29,1626,1334,29,4.92,46,56.07,0,0
"281","Mitchell Starc","Australia","ODI",96,96,4936,4263,184,5.18,23.17,26.83,7,0
"282","Adam Zampa","Australia","ODI",61,61,3248,3004,92,5.55,32.65,35.3,0,0
"283","Sean Abbott","Australia","ODI",2,2,90,109,2,7.27,54.5,45,0,0
"284","Josh Hazlewood","Australia","ODI",54,53,2885,2304,88,4.79,26.18,32.78,3,0
"285","Andrew Tye","Australia","ODI",7,7,387,392,12,6.08,32.67,32.25,1,0
"286","James Pattinson","Australia","ODI",15,15,727,681,16,5.62,42.56,45.44,0,0
"287","Mitchell Swepson","Australia","ODI",0,0,0,0,0,0,0,0,0,0
"288","Lahiru Thirimanne","Sri-Lanka","ODI",127,4,104,94,3,5.42,31.33,34.67,0,0
"289","Dimuth Karunaratne","Sri-Lanka","ODI",31,2,16,18,0,6.75,0,0,0,0
"290","Avishka Fernando","Sri-Lanka","ODI",18,0,0,0,0,0,0,0,0,0
"291","Kusal Mendis","Sri-Lanka","ODI",76,2,20,28,0,8.4,0,0,0,0
"292","Angelo Mathews","Sri-Lanka","ODI",217,158,5191,4003,120,4.63,33.36,43.26,1,0
"293","Dhananjaya de Silva","Sri-Lanka","ODI",45,37,1076,928,22,5.17,42.18,48.91,0,0
"294","Milinda Siriwardana","Sri-Lanka","ODI",27,21,601,547,9,5.46,60.78,66.78,0,0
"295","Thisara Perera","Sri-Lanka","ODI",164,155,5828,5668,172,5.84,32.95,33.88,4,0
"296","Isuru Udana","Sri-Lanka","ODI",18,18,783,810,16,6.21,50.62,48.94,0,0
"297","Jeevan Mendis","Sri-Lanka","ODI",58,49,1404,1204,28,5.15,43,50.14,0,0
"298","Kusal Perera","Sri-Lanka","ODI",101,0,0,0,0,0,0,0,0,0
"299","Suranga Lakmal","Sri-Lanka","ODI",85,83,3824,3478,107,5.46,32.5,35.74,0,0
"300","Lasith Malinga","Sri-Lanka","ODI",226,220,10936,9759,338,5.35,28.87,32.36,8,0
"301","Jeffrey Vandersay","Sri-Lanka","ODI",12,11,491,480,11,5.87,43.64,44.64,0,0
"302","Nuwan Pradeep","Sri-Lanka","ODI",45,43,2119,2099,57,5.94,36.82,37.18,0,0
"303","Tamim Iqbal","Bangladesh","ODI",207,2,6,13,0,13,0,0,0,0
"304","Soumya Sarkar","Bangladesh","ODI",55,14,324,318,9,5.89,35.33,36,0,0
"305","Sabbir Rahman","Bangladesh","ODI",66,21,306,345,3,6.76,115,102,0,0
"306","Mahmudullah","Bangladesh","ODI",188,136,4132,3562,76,5.17,46.87,54.37,0,0
"307","Shakib Al Hasan","Bangladesh","ODI",206,203,10517,7857,260,4.48,30.22,40.45,2,0
"308","Mohammad Saifuddin","Bangladesh","ODI",22,22,993,972,31,5.87,31.35,32.03,0,0
"309","Mosaddek Hossain","Bangladesh","ODI",35,33,902,787,14,5.24,56.21,64.43,0,0
"310","Mehidy Hasan","Bangladesh","ODI",41,40,2095,1625,40,4.65,40.62,52.38,0,0
"311","Mushfiqur Rahim","Bangladesh","ODI",218,0,0,0,0,0,0,0,0,0
"312","Liton Das","Bangladesh","ODI",36,0,0,0,0,0,0,0,0,0
"313","Mohammad Mithun","Bangladesh","ODI",27,0,0,0,0,0,0,0,0,0
"314","Mashrafe Mortaza","Bangladesh","ODI",220,220,10928,8897,270,4.88,32.95,40.47,1,0
"315","Rubel Hossain","Bangladesh","ODI",101,99,4540,4300,126,5.68,34.13,36.03,1,0
"316","Mustafizur Rahman","Bangladesh","ODI",58,57,2885,2512,109,5.22,23.05,26.47,5,0
"317","Abu Jayed","Bangladesh","ODI",2,2,108,114,5,6.33,22.8,21.6,1,0
"318","Eoin Morgan","England","ODI",241,0,0,0,0,0,0,0,0,0
"319","Joe Root","England","ODI",148,68,1552,1490,26,5.76,57.31,59.69,0,0
"320","Jason Roy","England","ODI",92,0,0,0,0,0,0,0,0,0
"321","Liam Livingstone","England","ODI",0,0,0,0,0,0,0,0,0,0
"322","Dawid Malan","England","ODI",1,0,0,0,0,0,0,0,0,0
"323","Moeen Ali","England","ODI",105,100,4924,4305,85,5.25,50.65,57.93,0,0
"324","Ben Stokes","England","ODI",95,80,2912,2920,70,6.02,41.71,41.6,1,0
"325","Chris Woakes","England","ODI",103,100,4896,4521,149,5.54,30.34,32.86,3,0
"326","Tom Curran","England","ODI",24,24,1068,1066,28,5.99,38.07,38.14,1,0
"327","Lewis Gregory","England","ODI",0,0,0,0,0,0,0,0,0,0
"328","Sam Curran","England","ODI",5,5,168,169,5,6.04,33.8,33.6,0,0
"329","Jonny Bairstow","England","ODI",82,0,0,0,0,0,0,0,0,0
"330","Jos Buttler","England","ODI",144,0,0,0,0,0,0,0,0,0
"331","Sam Billings","England","ODI",21,0,0,0,0,0,0,0,0,0
"332","Adil Rashid","England","ODI",105,100,5255,4909,155,5.6,31.67,33.9,2,0
"333","Mark Wood","England","ODI",52,52,2699,2480,64,5.51,38.75,42.17,0,0
"334","Jofra Archer","England","ODI",17,17,911,720,30,4.74,24,30.37,0,0
"335","Olly Stone","England","ODI",4,3,96,97,1,6.06,97,96,0,0
"336","Reece Topley","England","ODI",11,11,517,441,17,5.12,25.94,30.41,0,0
"337","Chris Jordan","England","ODI",34,34,1618,1611,45,5.97,35.8,35.96,1,0
"338","Darren Bravo","West-Indies","ODI",112,0,0,0,0,0,0,0,0,0
"339","Chris Gayle","West-Indies","ODI",300,199,7424,5926,167,4.79,35.49,44.46,1,0
"340","Evin Lewis","West-Indies","ODI",50,0,0,0,0,0,0,0,0,0
"341","Shimron Hetmyer","West-Indies","ODI",44,0,0,0,0,0,0,0,0,0
"342","Fabian Allen","West-Indies","ODI",14,12,396,397,4,6.02,99.25,99,0,0
"343","Jason Holder","West-Indies","ODI",113,111,5347,4948,136,5.55,36.38,39.32,2,0
"344","Andre Russell","West-Indies","ODI",56,55,2290,2229,70,5.84,31.84,32.71,0,0
"345","Carlos Brathwaite","West-Indies","ODI",43,40,1825,1766,43,5.81,41.07,42.44,1,0
"346","Shai Hope","West-Indies","ODI",76,0,0,0,0,0,0,0,0,0
"347","Nicholas Pooran","West-Indies","ODI",25,0,0,0,0,0,0,0,0,0
"348","Shannon Gabriel","West-Indies","ODI",25,25,1148,1134,33,5.93,34.36,34.79,0,0
"349","Kemar Roach","West-Indies","ODI",92,90,4459,3765,124,5.07,30.36,35.96,3,0
"350","Ashley Nurse","West-Indies","ODI",52,49,2384,2125,49,5.35,43.37,48.65,0,0
"351","Oshane Thomas","West-Indies","ODI",19,19,771,866,27,6.74,32.07,28.56,1,0
"352","Faf du Plessis","South-Africa","ODI",143,11,192,189,2,5.91,94.5,96,0,0
"353","David Miller","South-Africa","ODI",132,0,0,0,0,0,0,0,0,0
"354","Aiden Markram","South-Africa","ODI",26,6,120,132,3,6.6,44,40,0,0
"355","Rassie van der Dussen","South-Africa","ODI",21,0,0,0,0,0,0,0,0,0
"356","Jean-Paul Duminy","South-Africa","ODI",199,135,3513,3143,69,5.37,45.55,50.91,0,0
"357","Andile Phehlukwayo","South-Africa","ODI",58,55,2299,2150,69,5.61,31.16,33.32,0,0
"358","Dwaine Pretorius","South-Africa","ODI",22,22,1022,813,29,4.77,28.03,35.24,0,0
"359","Chris Morris","South-Africa","ODI",42,40,1894,1756,48,5.56,36.58,39.46,0,0
"360","Quinton de Kock","South-Africa","ODI",121,0,0,0,0,0,0,0,0,0
"361","Imran Tahir","South-Africa","ODI",107,104,5541,4297,173,4.65,24.84,32.03,3,0
"362","Kagiso Rabada","South-Africa","ODI",75,73,3842,3199,117,5,27.34,32.84,1,0
"363","Lungi Ngidi","South-Africa","ODI",26,26,1230,1140,53,5.56,21.51,23.21,1,0
"364","Tabraiz Shamsi","South-Africa","ODI",22,21,1119,993,26,5.32,38.19,43.04,0,0
"365","Beuran Hendricks","South-Africa","ODI",7,5,234,211,5,5.41,42.2,46.8,0,0
"366","Craig Ervine","Zimbabwe","ODI",96,0,0,0,0,0,0,0,0,0
"367","Hamilton Masakadza","Zimbabwe","ODI",209,85,1844,1636,39,5.32,41.95,47.28,0,0
"368","Sikandar Raza","Zimbabwe","ODI",103,77,3152,2558,61,4.87,41.93,51.67,0,0
"369","Sean Williams","Zimbabwe","ODI",136,111,4248,3449,72,4.87,47.9,59,0,0
"370","Solomon Mire","Zimbabwe","ODI",47,19,507,515,12,6.09,42.92,42.25,0,0
"371","Brian Chari","Zimbabwe","ODI",14,0,0,0,0,0,0,0,0,0
"372","Timycen Maruma","Zimbabwe","ODI",21,9,225,230,4,6.13,57.5,56.25,0,0
"373","Elton Chigumbura","Zimbabwe","ODI",213,132,4339,4274,101,5.91,42.32,42.96,0,0
"374","Regis Chakabva","Zimbabwe","ODI",41,0,0,0,0,0,0,0,0,0
"375","Brendan Taylor","Zimbabwe","ODI",199,21,396,406,9,6.15,45.11,44,0,0
"376","Peter Moor","Zimbabwe","ODI",49,0,0,0,0,0,0,0,0,0
"377","Tendai Chatara","Zimbabwe","ODI",70,70,3431,2904,95,5.08,30.57,36.12,0,0
"378","Donald Tiripano","Zimbabwe","ODI",35,33,1400,1337,33,5.73,40.52,42.42,1,0
"379","Chris Mpofu","Zimbabwe","ODI",84,83,3960,3581,93,5.43,38.51,42.58,1,0
"380","Kyle Jarvis","Zimbabwe","ODI",49,49,2362,2087,58,5.3,35.98,40.72,0,0
"381","Brandon Mavuta","Zimbabwe","ODI",7,7,276,266,7,5.78,38,39.43,0,0
"382","Martin Guptill","New-Zealand","ODI",183,12,109,98,4,5.39,24.5,27.25,0,0
"383","Ross Taylor","New-Zealand","ODI",232,6,42,35,0,5,0,0,0,0
"384","Kane Williamson","New-Zealand","ODI",151,65,1467,1310,37,5.36,35.41,39.65,0,0
"385","Henry Nicholls","New-Zealand","ODI",49,0,0,0,0,0,0,0,0,0
"386","James Neesham","New-Zealand","ODI",63,59,1967,2012,61,6.14,32.98,32.25,1,0
"387","Colin de Grandhomme","New-Zealand","ODI",42,42,1458,1180,27,4.86,43.7,54,0,0
"388","Colin Munro","New-Zealand","ODI",57,25,552,481,7,5.23,68.71,78.86,0,0
"389","Mitchell Santner","New-Zealand","ODI",72,67,3259,2661,71,4.9,37.48,45.9,1,0
"390","Tom Latham","New-Zealand","ODI",99,0,0,0,0,0,0,0,0,0
"391","Tom Blundell","New-Zealand","ODI",2,0,0,0,0,0,0,0,0,0
"392","Trent Boult","New-Zealand","ODI",90,90,4944,4148,164,5.03,25.29,30.15,5,0
"393","Matt Henry","New-Zealand","ODI",52,50,2703,2437,92,5.41,26.49,29.38,2,0
"394","Tim Southee","New-Zealand","ODI",143,141,7195,6557,190,5.47,34.51,37.87,3,0
"395","Ish Sodhi","New-Zealand","ODI",33,32,1620,1508,43,5.59,35.07,37.67,0,0
"396","Lockie Ferguson","New-Zealand","ODI",37,37,1956,1779,69,5.46,25.78,28.35,1,0
"397","Hashmatullah Shahidi","Afghanistan","ODI",40,2,18,25,0,8.33,0,0,0,0
"398","Hazratullah Zazai","Afghanistan","ODI",16,0,0,0,0,0,0,0,0,0
"399","Najibullah Zadran","Afghanistan","ODI",67,2,30,30,0,6,0,0,0,0
"400","Noor Ali Zadran","Afghanistan","ODI",50,0,0,0,0,0,0,0,0,0
"401","Rahmat Shah","Afghanistan","ODI",72,26,524,504,14,5.77,36,37.43,1,0
"402","Samiullah Shinwari","Afghanistan","ODI",85,66,2133,1736,47,4.88,36.94,45.38,0,0
"403","Gulbadin Naib","Afghanistan","ODI",64,60,2194,1967,59,5.38,33.34,37.19,1,0
"404","Mohammad Nabi","Afghanistan","ODI",124,121,5943,4243,130,4.28,32.64,45.72,0,0
"405","Mohammad Shahzad","Afghanistan","ODI",85,0,0,0,0,0,0,0,0,0
"406","Aftab Alam","Afghanistan","ODI",27,27,1257,1033,41,4.93,25.2,30.66,0,0
"407","Dawlat Zadran","Afghanistan","ODI",81,80,3769,3423,115,5.45,29.77,32.77,0,0
"408","Hamid Hassan","Afghanistan","ODI",39,38,1752,1335,62,4.57,21.53,28.26,1,0
"409","Rashid Khan","Afghanistan","ODI",70,67,3558,2467,133,4.16,18.55,26.75,4,0
"410","Mujeeb Ur Rahman","Afghanistan","ODI",40,39,2153,1414,63,3.94,22.44,34.17,1,0
"411","Virat Kohli","India","T20",84,12,146,198,4,8.14,49.5,36.5,0,0
"412","Rohit Sharma","India","T20",108,9,68,113,1,9.97,113,68,0,0
"413","Shikhar Dhawan","India","T20",63,0,0,0,0,0,0,0,0,0
"414","Shubman Gill","India","T20",0,0,0,0,0,0,0,0,0,0
"415","Shreyas Iyer","India","T20",23,0,0,0,0,0,0,0,0,0
"416","Manish Pandey","India","T20",39,0,0,0,0,0,0,0,0,0
"417","Mayank Agarwal","India","T20",0,0,0,0,0,0,0,0,0,0
"418","Prithvi Shaw","India","T20",0,0,0,0,0,0,0,0,0,0
"419","Cheteshwar Pujara","India","T20",0,0,0,0,0,0,0,0,0,0
"420","Ajinkya Rahane","India","T20",20,0,0,0,0,0,0,0,0,0
"421","Hardik Pandya","India","T20",43,39,701,976,38,8.35,25.68,18.45,0,0
"422","Hanuma Vihari","India","T20",0,0,0,0,0,0,0,0,0,0
"423","Ravindra Jadeja","India","T20",50,49,973,1152,39,7.1,29.54,24.95,0,0
"424","Ravichandran Ashwin","India","T20",46,46,1026,1193,52,6.98,22.94,19.73,0,0
"425","KL Rahul","India","T20",44,0,0,0,0,0,0,0,0,0
"426","Sanju Samson","India","T20",7,0,0,0,0,0,0,0,0,0
"427","Wriddhiman Saha","India","T20",0,0,0,0,0,0,0,0,0,0
"428","Rishabh Pant","India","T20",27,0,0,0,0,0,0,0,0,0
"429","Mohammed Shami","India","T20",12,12,262,428,12,9.8,35.67,21.83,0,0
"430","Jasprit Bumrah","India","T20",49,49,1075,1195,59,6.67,20.25,18.22,0,0
"431","Kuldeep Yadav","India","T20",20,20,453,537,39,7.11,13.77,11.62,1,0
"432","Yuzvendra Chahal","India","T20",45,45,1053,1456,59,8.3,24.68,17.85,1,0
"433","Navdeep Saini","India","T20",9,9,197,235,13,7.16,18.08,15.15,0,0
"434","Shardul Thakur","India","T20",16,16,351,523,23,8.94,22.74,15.26,0,0
"435","Umesh Yadav","India","T20",7,7,150,219,9,8.76,24.33,16.67,0,0
"436","Mohammed Siraj","India","T20",3,3,72,148,3,12.33,49.33,24,0,0
"437","William Porterfield","Ireland","T20",61,0,0,0,0,0,0,0,0,0
"438","James McCollum","Ireland","T20",0,0,0,0,0,0,0,0,0,0
"439","Andrew Balbirnie","Ireland","T20",42,0,0,0,0,0,0,0,0,0
"440","Tyrone Kane","Ireland","T20",6,5,92,143,9,9.33,15.89,10.22,0,0
"441","Kevin O Brien","Ireland","T20",95,51,903,1133,58,7.53,19.53,15.57,0,0
"442","Paul Stirling","Ireland","T20",78,35,462,583,17,7.57,34.29,27.18,0,0
"443","Stuart Thompson","Ireland","T20",40,30,474,670,18,8.48,37.22,26.33,0,0
"444","Gary Wilson","Ireland","T20",81,0,0,0,0,0,0,0,0,0
"445","Lorcan Tucker","Ireland","T20",17,0,0,0,0,0,0,0,0,0
"446","Peter Chase","Ireland","T20",12,12,251,416,15,9.94,27.73,16.73,0,0
"447","George Dockrell","Ireland","T20",76,72,1370,1624,76,7.11,21.37,18.03,0,0
"448","Tim Murtagh","Ireland","T20",14,14,268,324,13,7.25,24.92,20.62,0,0
"449","Mark Adair","Ireland","T20",18,18,389,435,27,6.71,16.11,14.41,0,0
"450","Andy McBrine","Ireland","T20",19,13,174,216,13,7.45,16.62,13.38,0,0
"451","Barry McCarthy","Ireland","T20",10,10,205,370,11,10.83,33.64,18.64,0,0
"452","Boyd Rankin","Ireland","T20",50,49,1068,1219,55,6.85,22.16,19.42,0,0
"453","Fakhar Zaman","Pakistan","T20",40,1,6,12,0,12,0,0,0,0
"454","Imam-ul-Haq","Pakistan","T20",2,0,0,0,0,0,0,0,0,0
"455","Babar Azam","Pakistan","T20",44,0,0,0,0,0,0,0,0,0
"456","Asif Ali","Pakistan","T20",25,0,0,0,0,0,0,0,0,0
"457","Haris Sohail","Pakistan","T20",14,0,0,0,0,0,0,0,0,0
"458","Mohammad Hafeez","Pakistan","T20",99,68,1123,1233,54,6.59,22.83,20.8,0,0
"459","Shadab Khan","Pakistan","T20",46,44,987,1199,53,7.29,22.62,18.62,0,0
"460","Imad Wasim","Pakistan","T20",49,48,1032,1070,47,6.22,22.77,21.96,1,0
"461","Sarfaraz Ahmed","Pakistan","T20",59,0,0,0,0,0,0,0,0,0
"462","Wahab Riaz","Pakistan","T20",36,35,710,971,34,8.21,28.56,20.88,0,0
"463","Shaheen Afridi","Pakistan","T20",18,18,403,523,22,7.79,23.77,18.32,0,0
"464","Hasan Ali","Pakistan","T20",30,30,621,877,35,8.47,25.06,17.74,0,0
"465","Mohammad Hasnain","Pakistan","T20",10,10,240,297,7,7.42,42.43,34.29,0,0
"466","Mohammad Amir","Pakistan","T20",50,50,1079,1263,59,7.02,21.41,18.29,0,0
"467","Aaron Finch","Australia","T20",66,2,12,27,0,13.5,0,0,0,0
"468","Steven Smith","Australia","T20",45,17,291,378,17,7.79,22.24,17.12,0,0
"469","David Warner","Australia","T20",81,0,0,0,0,0,0,0,0,0
"470","Joe Burns","Australia","T20",0,0,0,0,0,0,0,0,0,0
"471","Will Pucovski","Australia","T20",0,0,0,0,0,0,0,0,0,0
"472","Glenn Maxwell","Australia","T20",67,44,618,773,29,7.5,26.66,21.31,0,0
"473","Marcus Stoinis","Australia","T20",23,15,230,319,9,8.32,35.44,25.56,0,0
"474","Moises Henriques","Australia","T20",14,9,132,189,7,8.59,27,18.86,0,0
"475","Marnus Labuschagne","Australia","T20",0,0,0,0,0,0,0,0,0,0
"476","Travis Head","Australia","T20",16,3,24,39,1,9.75,39,24,0,0
"477","Michael Neser","Australia","T20",0,0,0,0,0,0,0,0,0,0
"478","Ashton Agar","Australia","T20",27,27,546,626,30,6.88,20.87,18.2,1,0
"479","Cameron Green","Australia","T20",0,0,0,0,0,0,0,0,0,0
"480","Daniel Sams","Australia","T20",2,2,34,70,1,12.35,70,34,0,0
"481","Alex Carey","Australia","T20",30,0,0,0,0,0,0,0,0,0
"482","Matthew Wade","Australia","T20",33,0,0,0,0,0,0,0,0,0
"483","Tim Paine","Australia","T20",12,0,0,0,0,0,0,0,0,0
"484","Pat Cummins","Australia","T20",30,30,660,763,37,6.94,20.62,17.84,0,0
"485","Nathan Lyon","Australia","T20",2,2,30,48,1,9.6,48,30,0,0
"486","Mitchell Starc","Australia","T20",35,35,786,911,47,6.95,19.38,16.72,0,0
"487","Adam Zampa","Australia","T20",36,35,752,828,39,6.61,21.23,19.28,0,0
"488","Sean Abbott","Australia","T20",7,7,108,150,4,8.33,37.5,27,0,0
"489","Josh Hazlewood","Australia","T20",9,9,216,331,9,9.19,36.78,24,0,0
"490","Andrew Tye","Australia","T20",28,27,599,893,39,8.94,22.9,15.36,0,0
"491","James Pattinson","Australia","T20",4,4,78,104,3,8,34.67,26,0,0
"492","Mitchell Swepson","Australia","T20",4,4,84,106,7,7.57,15.14,12,0,0
"493","Lahiru Thirimanne","Sri-Lanka","T20",26,0,0,0,0,0,0,0,0,0
"494","Dimuth Karunaratne","Sri-Lanka","T20",0,0,0,0,0,0,0,0,0,0
"495","Avishka Fernando","Sri-Lanka","T20",14,0,0,0,0,0,0,0,0,0
"496","Kusal Mendis","Sri-Lanka","T20",26,0,0,0,0,0,0,0,0,0
"497","Angelo Mathews","Sri-Lanka","T20",75,60,1023,1181,38,6.93,31.08,26.92,0,0
"498","Dhananjaya de Silva","Sri-Lanka","T20",15,9,108,128,5,7.11,25.6,21.6,0,0
"499","Milinda Siriwardana","Sri-Lanka","T20",22,13,138,206,8,8.96,25.75,17.25,0,0
"500","Thisara Perera","Sri-Lanka","T20",81,66,1090,1675,51,9.22,32.84,21.37,0,0
"501","Isuru Udana","Sri-Lanka","T20",29,27,529,766,24,8.69,31.92,22.04,0,0
"502","Jeevan Mendis","Sri-Lanka","T20",22,14,210,249,12,7.11,20.75,17.5,0,0
"503","Kusal Perera","Sri-Lanka","T20",46,0,0,0,0,0,0,0,0,0
"504","Suranga Lakmal","Sri-Lanka","T20",11,11,208,330,8,9.52,41.25,26,0,0
"505","Lasith Malinga","Sri-Lanka","T20",83,83,1799,2225,107,7.42,20.79,16.81,2,0
"506","Jeffrey Vandersay","Sri-Lanka","T20",10,10,210,262,6,7.49,43.67,35,0,0
"507","Nuwan Pradeep","Sri-Lanka","T20",14,14,265,407,15,9.22,27.13,17.67,0,0
"508","Tamim Iqbal","Bangladesh","T20",78,0,0,0,0,0,0,0,0,0
"509","Soumya Sarkar","Bangladesh","T20",50,14,156,271,6,10.42,45.17,26,0,0
"510","Sabbir Rahman","Bangladesh","T20",44,8,67,70,6,6.27,11.67,11.17,0,0
"511","Mahmudullah","Bangladesh","T20",87,55,711,864,31,7.29,27.87,22.94,0,0
"512","Shakib Al Hasan","Bangladesh","T20",76,75,1667,1893,92,6.81,20.58,18.12,1,0
"513","Mohammad Saifuddin","Bangladesh","T20",15,15,300,435,14,8.7,31.07,21.43,0,0
"514","Mosaddek Hossain","Bangladesh","T20",14,12,130,160,5,7.38,32,26,0,0
"515","Mehidy Hasan","Bangladesh","T20",13,13,216,330,4,9.17,82.5,54,0,0
"516","Mushfiqur Rahim","Bangladesh","T20",86,0,0,0,0,0,0,0,0,0
"517","Liton Das","Bangladesh","T20",29,0,0,0,0,0,0,0,0,0
"518","Mohammad Mithun","Bangladesh","T20",15,0,0,0,0,0,0,0,0,0
"519","Mashrafe Mortaza","Bangladesh","T20",54,53,1139,1528,42,8.05,36.38,27.12,0,0
"520","Rubel Hossain","Bangladesh","T20",27,26,567,879,28,9.3,31.39,20.25,0,0
"521","Mustafizur Rahman","Bangladesh","T20",41,41,901,1191,58,7.93,20.53,15.53,1,0
"522","Abu Jayed","Bangladesh","T20",3,3,66,106,4,9.64,26.5,16.5,0,0
"523","Eoin Morgan","England","T20",97,0,0,0,0,0,0,0,0,0
"524","Joe Root","England","T20",32,9,84,139,6,9.93,23.17,14,0,0
"525","Jason Roy","England","T20",38,0,0,0,0,0,0,0,0,0
"526","Liam Livingstone","England","T20",2,0,0,0,0,0,0,0,0,0
"527","Dawid Malan","England","T20",19,1,12,27,1,13.5,27,12,0,0
"528","Moeen Ali","England","T20",34,30,440,630,17,8.59,37.06,25.88,0,0
"529","Ben Stokes","England","T20",29,23,418,611,16,8.77,38.19,26.12,0,0
"530","Chris Woakes","England","T20",8,8,162,253,7,9.37,36.14,23.14,0,0
"531","Tom Curran","England","T20",27,26,528,812,26,9.23,31.23,20.31,0,0
"532","Lewis Gregory","England","T20",8,4,66,92,1,8.36,92,66,0,0
"533","Sam Curran","England","T20",8,8,162,240,9,8.89,26.67,18,0,0
"534","Jonny Bairstow","England","T20",46,0,0,0,0,0,0,0,0,0
"535","Jos Buttler","England","T20",74,0,0,0,0,0,0,0,0,0
"536","Sam Billings","England","T20",30,0,0,0,0,0,0,0,0,0
"537","Adil Rashid","England","T20",52,49,1050,1316,51,7.52,25.8,20.59,0,0
"538","Mark Wood","England","T20",11,11,237,365,18,9.24,20.28,13.17,0,0
"539","Jofra Archer","England","T20",7,7,162,216,7,8,30.86,23.14,0,0
"540","Olly Stone","England","T20",0,0,0,0,0,0,0,0,0,0
"541","Reece Topley","England","T20",6,6,103,173,5,10.08,34.6,20.6,0,0
"542","Chris Jordan","England","T20",55,54,1152,1670,66,8.7,25.3,17.45,0,0
"543","Darren Bravo","West-Indies","T20",20,0,0,0,0,0,0,0,0,0
"544","Chris Gayle","West-Indies","T20",58,23,319,377,17,7.09,22.18,18.76,0,0
"545","Evin Lewis","West-Indies","T20",32,0,0,0,0,0,0,0,0,0
"546","Shimron Hetmyer","West-Indies","T20",27,0,0,0,0,0,0,0,0,0
"547","Fabian Allen","West-Indies","T20",16,13,240,305,12,7.62,25.42,20,0,0
"548","Jason Holder","West-Indies","T20",17,17,373,524,13,8.43,40.31,28.69,0,0
"549","Andre Russell","West-Indies","T20",49,42,643,974,26,9.09,37.46,24.73,0,0
"550","Carlos Brathwaite","West-Indies","T20",41,39,709,1013,31,8.57,32.68,22.87,0,0
"551","Shai Hope","West-Indies","T20",13,0,0,0,0,0,0,0,0,0
"552","Nicholas Pooran","West-Indies","T20",24,0,0,0,0,0,0,0,0,0
"553","Shannon Gabriel","West-Indies","T20",2,2,42,56,3,8,18.67,14,0,0
"554","Kemar Roach","West-Indies","T20",11,11,234,284,10,7.28,28.4,23.4,0,0
"555","Ashley Nurse","West-Indies","T20",13,13,240,317,8,7.92,39.62,30,0,0
"556","Oshane Thomas","West-Indies","T20",15,14,306,445,18,8.73,24.72,17,1,0
"557","Faf du Plessis","South-Africa","T20",50,2,8,3,0,2.25,0,0,0,0
"558","David Miller","South-Africa","T20",78,0,0,0,0,0,0,0,0,0
"559","Aiden Markram","South-Africa","T20",2,0,0,0,0,0,0,0,0,0
"560","Rassie van der Dussen","South-Africa","T20",18,0,0,0,0,0,0,0,0,0
"561","Jean-Paul Duminy","South-Africa","T20",81,41,463,599,21,7.76,28.52,22.05,0,0
"562","Andile Phehlukwayo","South-Africa","T20",27,26,510,698,35,8.21,19.94,14.57,0,0
"563","Dwaine Pretorius","South-Africa","T20",11,10,174,244,7,8.41,34.86,24.86,0,0
"564","Chris Morris","South-Africa","T20",23,23,498,697,34,8.4,20.5,14.65,0,0
"565","Quinton de Kock","South-Africa","T20",47,0,0,0,0,0,0,0,0,0
"566","Imran Tahir","South-Africa","T20",38,38,845,948,63,6.73,15.05,13.41,2,0
"567","Kagiso Rabada","South-Africa","T20",26,26,577,819,31,8.52,26.42,18.61,0,0
"568","Lungi Ngidi","South-Africa","T20",16,16,320,477,28,8.94,17.04,11.43,0,0
"569","Tabraiz Shamsi","South-Africa","T20",25,25,546,699,21,7.68,33.29,26,0,0
"570","Beuran Hendricks","South-Africa","T20",14,14,289,451,20,9.36,22.55,14.45,0,0
"571","Craig Ervine","Zimbabwe","T20",25,0,0,0,0,0,0,0,0,0
"572","Hamilton Masakadza","Zimbabwe","T20",65,9,72,113,2,9.42,56.5,36,0,0
"573","Sikandar Raza","Zimbabwe","T20",36,26,336,464,12,8.29,38.67,28,0,0
"574","Sean Williams","Zimbabwe","T20",42,41,792,959,32,7.27,29.97,24.75,0,0
"575","Solomon Mire","Zimbabwe","T20",9,5,72,115,1,9.58,115,72,0,0
"576","Brian Chari","Zimbabwe","T20",3,0,0,0,0,0,0,0,0,0
"577","Timycen Maruma","Zimbabwe","T20",13,2,18,20,1,6.67,20,18,0,0
"578","Elton Chigumbura","Zimbabwe","T20",56,20,258,404,14,9.4,28.86,18.43,0,0
"579","Regis Chakabva","Zimbabwe","T20",12,0,0,0,0,0,0,0,0,0
"580","Brendan Taylor","Zimbabwe","T20",42,2,30,17,1,3.4,17,30,0,0
"581","Peter Moor","Zimbabwe","T20",21,0,0,0,0,0,0,0,0,0
"582","Tendai Chatara","Zimbabwe","T20",22,22,468,616,26,7.9,23.69,18,0,0
"583","Donald Tiripano","Zimbabwe","T20",13,13,255,352,11,8.28,32,23.18,0,0
"584","Chris Mpofu","Zimbabwe","T20",32,32,694,1036,33,8.96,31.39,21.03,0,0
"585","Kyle Jarvis","Zimbabwe","T20",21,21,424,630,26,8.92,24.23,16.31,0,0
"586","Brandon Mavuta","Zimbabwe","T20",3,3,72,81,2,6.75,40.5,36,0,0
"587","Martin Guptill","New-Zealand","T20",94,1,6,11,0,11,0,0,0,0
"588","Ross Taylor","New-Zealand","T20",102,0,0,0,0,0,0,0,0,0
"589","Kane Williamson","New-Zealand","T20",62,12,118,164,6,8.34,27.33,19.67,0,0
"590","Henry Nicholls","New-Zealand","T20",5,0,0,0,0,0,0,0,0,0
"591","James Neesham","New-Zealand","T20",24,20,277,414,16,8.97,25.88,17.31,0,0
"592","Colin de Grandhomme","New-Zealand","T20",36,19,299,445,11,8.93,40.45,27.18,0,0
"593","Colin Munro","New-Zealand","T20",65,12,118,186,4,9.46,46.5,29.5,0,0
"594","Mitchell Santner","New-Zealand","T20",48,47,953,1190,54,7.49,22.04,17.65,0,0
"595","Tom Latham","New-Zealand","T20",13,0,0,0,0,0,0,0,0,0
"596","Tom Blundell","New-Zealand","T20",3,0,0,0,0,0,0,0,0,0
"597","Trent Boult","New-Zealand","T20",29,29,641,930,39,8.71,23.85,16.44,0,0
"598","Matt Henry","New-Zealand","T20",6,6,132,191,7,8.68,27.29,18.86,0,0
"599","Tim Southee","New-Zealand","T20",74,72,1584,2223,87,8.42,25.55,18.21,1,0
"600","Ish Sodhi","New-Zealand","T20",50,48,1023,1367,56,8.02,24.41,18.27,0,0
"601","Lockie Ferguson","New-Zealand","T20",11,11,240,278,21,6.95,13.24,11.43,1,0
"602","Hashmatullah Shahidi","Afghanistan","T20",0,0,0,0,0,0,0,0,0,0
"603","Hazratullah Zazai","Afghanistan","T20",15,0,0,0,0,0,0,0,0,0
"604","Najibullah Zadran","Afghanistan","T20",60,0,0,0,0,0,0,0,0,0
"605","Noor Ali Zadran","Afghanistan","T20",19,0,0,0,0,0,0,0,0,0
"606","Rahmat Shah","Afghanistan","T20",0,0,0,0,0,0,0,0,0,0
"607","Samiullah Shinwari","Afghanistan","T20",63,37,600,671,25,6.71,26.84,24,1,0
"608","Gulbadin Naib","Afghanistan","T20",48,31,450,621,17,8.28,36.53,26.47,0,0
"609","Mohammad Nabi","Afghanistan","T20",77,76,1540,1857,69,7.24,26.91,22.32,0,0
"610","Mohammad Shahzad","Afghanistan","T20",64,0,0,0,0,0,0,0,0,0
"611","Aftab Alam","Afghanistan","T20",13,13,269,349,15,7.78,23.27,17.93,0,0
"612","Dawlat Zadran","Afghanistan","T20",34,34,736,950,43,7.74,22.09,17.12,0,0
"613","Hamid Hassan","Afghanistan","T20",21,21,460,519,29,6.77,17.9,15.86,0,0
"614","Rashid Khan","Afghanistan","T20",48,48,1098,1124,89,6.14,12.63,12.34,2,0
"615","Mujeeb Ur Rahman","Afghanistan","T20",19,19,432,443,25,6.15,17.72,17.28,0,0
"616","Virat Kohli","India","Test",87,11,175,84,0,2.88,0,0,0,0
"617","Rohit Sharma","India","Test",33,14,370,216,2,3.5,108,185,0,0
"618","Shikhar Dhawan","India","Test",34,5,54,18,0,2,0,0,0,0
"619","Shubman Gill","India","Test",2,0,0,0,0,0,0,0,0,0
"620","Shreyas Iyer","India","Test",0,0,0,0,0,0,0,0,0,0
"621","Manish Pandey","India","Test",0,0,0,0,0,0,0,0,0,0
"622","Mayank Agarwal","India","Test",13,0,0,0,0,0,0,0,0,0
"623","Prithvi Shaw","India","Test",5,0,0,0,0,0,0,0,0,0
"624","Cheteshwar Pujara","India","Test",80,1,6,2,0,2,0,0,0,0
"625","Ajinkya Rahane","India","Test",68,0,0,0,0,0,0,0,0,0
"626","Hardik Pandya","India","Test",11,19,937,528,17,3.38,31.06,55.12,1,0
"627","Hanuma Vihari","India","Test",12,10,345,180,5,3.13,36,69,0,0
"628","Ravindra Jadeja","India","Test",51,97,13137,5351,220,2.44,24.32,59.71,9,1
"629","Ravichandran Ashwin","India","Test",74,138,20391,9628,377,2.83,25.54,54.09,27,7
"630","KL Rahul","India","Test",36,0,0,0,0,0,0,0,0,0
"631","Sanju Samson","India","Test",0,0,0,0,0,0,0,0,0,0
"632","Wriddhiman Saha","India","Test",38,0,0,0,0,0,0,0,0,0
"633","Rishabh Pant","India","Test",15,0,0,0,0,0,0,0,0,0
"634","Mohammed Shami","India","Test",50,95,8999,4966,180,3.31,27.59,49.99,5,0
"635","Jasprit Bumrah","India","Test",17,34,3787,1706,79,2.7,21.59,47.94,5,0
"636","Kuldeep Yadav","India","Test",6,10,989,579,24,3.51,24.12,41.21,2,0
"637","Yuzvendra Chahal","India","Test",0,0,0,0,0,0,0,0,0,0
"638","Navdeep Saini","India","Test",1,2,174,119,4,4.1,29.75,43.5,0,0
"639","Shardul Thakur","India","Test",1,1,10,9,0,5.4,0,0,0,0
"640","Umesh Yadav","India","Test",48,94,7621,4521,148,3.56,30.55,51.49,3,1
"641","Mohammed Siraj","India","Test",2,4,519,234,7,2.71,33.43,74.14,0,0
"642","William Porterfield","Ireland","Test",3,0,0,0,0,0,0,0,0,0
"643","James McCollum","Ireland","Test",2,0,0,0,0,0,0,0,0,0
"644","Andrew Balbirnie","Ireland","Test",3,1,6,8,0,8,0,0,0,0
"645","Tyrone Kane","Ireland","Test",1,2,156,103,0,3.96,0,0,0,0
"646","Kevin O Brien","Ireland","Test",3,2,60,31,0,3.1,0,0,0,0
"647","Paul Stirling","Ireland","Test",3,1,12,11,0,5.5,0,0,0,0
"648","Stuart Thompson","Ireland","Test",3,6,410,204,10,2.99,20.4,41,0,0
"649","Gary Wilson","Ireland","Test",2,0,0,0,0,0,0,0,0,0
"650","Lorcan Tucker","Ireland","Test",0,0,0,0,0,0,0,0,0,0
"651","Peter Chase","Ireland","Test",0,0,0,0,0,0,0,0,0,0
"652","George Dockrell","Ireland","Test",1,2,240,121,2,3.02,60.5,120,0,0
"653","Tim Murtagh","Ireland","Test",3,6,570,213,13,2.24,16.38,43.85,1,0
"654","Mark Adair","Ireland","Test",1,2,166,98,6,3.54,16.33,27.67,0,0
"655","Andy McBrine","Ireland","Test",2,3,300,159,3,3.18,53,100,0,0
"656","Barry McCarthy","Ireland","Test",0,0,0,0,0,0,0,0,0,0
"657","Boyd Rankin","Ireland","Test",3,6,443,304,8,4.12,38,55.38,0,0
"658","Fakhar Zaman","Pakistan","Test",3,0,0,0,0,0,0,0,0,0
"659","Imam-ul-Haq","Pakistan","Test",11,0,0,0,0,0,0,0,0,0
"660","Babar Azam","Pakistan","Test",29,0,0,0,0,0,0,0,0,0
"661","Asif Ali","Pakistan","Test",0,0,0,0,0,0,0,0,0,0
"662","Haris Sohail","Pakistan","Test",16,17,630,294,13,2.8,22.62,48.46,0,0
"663","Mohammad Hafeez","Pakistan","Test",55,77,4067,1808,53,2.67,34.11,76.74,0,0
"664","Shadab Khan","Pakistan","Test",6,11,954,513,14,3.23,36.64,68.14,0,0
"665","Imad Wasim","Pakistan","Test",0,0,0,0,0,0,0,0,0,0
"666","Sarfaraz Ahmed","Pakistan","Test",49,0,0,0,0,0,0,0,0,0
"667","Wahab Riaz","Pakistan","Test",27,49,5018,2864,83,3.42,34.51,60.46,2,0
"668","Shaheen Afridi","Pakistan","Test",13,19,2565,1354,41,3.17,33.02,62.56,1,0
"669","Hasan Ali","Pakistan","Test",9,17,1737,896,31,3.09,28.9,56.03,1,0
"670","Mohammad Hasnain","Pakistan","Test",0,0,0,0,0,0,0,0,0,0
"671","Mohammad Amir","Pakistan","Test",36,67,7619,3627,119,2.86,30.48,64.03,4,0
"672","Aaron Finch","Australia","Test",5,1,12,8,0,4,0,0,0,0
"673","Steven Smith","Australia","Test",76,54,1381,960,17,4.17,56.47,81.24,0,0
"674","David Warner","Australia","Test",85,19,342,269,4,4.72,67.25,85.5,0,0
"675","Joe Burns","Australia","Test",23,0,0,0,0,0,0,0,0,0
"676","Will Pucovski","Australia","Test",1,0,0,0,0,0,0,0,0,0
"677","Glenn Maxwell","Australia","Test",7,9,462,341,8,4.43,42.62,57.75,0,0
"678","Marcus Stoinis","Australia","Test",0,0,0,0,0,0,0,0,0,0
"679","Moises Henriques","Australia","Test",4,4,330,164,2,2.98,82,165,0,0
"680","Marnus Labuschagne","Australia","Test",17,24,810,496,12,3.67,41.33,67.5,0,0
"681","Travis Head","Australia","Test",19,9,126,76,0,3.62,0,0,0,0
"682","Michael Neser","Australia","Test",0,0,0,0,0,0,0,0,0,0
"683","Ashton Agar","Australia","Test",4,8,874,410,9,2.81,45.56,97.11,0,0
"684","Cameron Green","Australia","Test",3,4,198,88,0,2.67,0,0,0,0
"685","Daniel Sams","Australia","Test",0,0,0,0,0,0,0,0,0,0
"686","Alex Carey","Australia","Test",0,0,0,0,0,0,0,0,0,0
"687","Matthew Wade","Australia","Test",35,4,30,28,0,5.6,0,0,0,0
"688","Tim Paine","Australia","Test",34,0,0,0,0,0,0,0,0,0
"689","Pat Cummins","Australia","Test",33,63,7428,3393,158,2.74,21.47,47.01,5,1
"690","Nathan Lyon","Australia","Test",99,189,25336,12666,396,3,31.98,63.98,18,3
"691","Mitchell Starc","Australia","Test",60,115,12341,6868,253,3.34,27.15,48.78,13,2
"692","Adam Zampa","Australia","Test",0,0,0,0,0,0,0,0,0,0
"693","Sean Abbott","Australia","Test",0,0,0,0,0,0,0,0,0,0
"694","Josh Hazlewood","Australia","Test",54,101,11607,5307,206,2.74,25.76,56.34,8,0
"695","Andrew Tye","Australia","Test",0,0,0,0,0,0,0,0,0,0
"696","James Pattinson","Australia","Test",21,38,3963,2133,81,3.23,26.33,48.93,4,0
"697","Mitchell Swepson","Australia","Test",0,0,0,0,0,0,0,0,0,0
"698","Lahiru Thirimanne","Sri-Lanka","Test",36,5,84,51,0,3.64,0,0,0,0
"699","Dimuth Karunaratne","Sri-Lanka","Test",68,12,278,185,2,3.99,92.5,139,0,0
"700","Avishka Fernando","Sri-Lanka","Test",0,0,0,0,0,0,0,0,0,0
"701","Kusal Mendis","Sri-Lanka","Test",46,8,126,110,1,5.24,110,126,0,0
"702","Angelo Mathews","Sri-Lanka","Test",86,81,3876,1745,33,2.7,52.88,117.45,0,0
"703","Dhananjaya de Silva","Sri-Lanka","Test",32,45,1957,1091,21,3.34,51.95,93.19,0,0
"704","Milinda Siriwardana","Sri-Lanka","Test",5,9,413,257,11,3.73,23.36,37.55,0,0
"705","Thisara Perera","Sri-Lanka","Test",6,8,954,653,11,4.11,59.36,86.73,0,0
"706","Isuru Udana","Sri-Lanka","Test",0,0,0,0,0,0,0,0,0,0
"707","Jeevan Mendis","Sri-Lanka","Test",0,0,0,0,0,0,0,0,0,0
"708","Kusal Perera","Sri-Lanka","Test",20,0,0,0,0,0,0,0,0,0
"709","Suranga Lakmal","Sri-Lanka","Test",61,108,11093,5648,151,3.05,37.4,73.46,3,0
"710","Lasith Malinga","Sri-Lanka","Test",30,59,5209,3349,101,3.86,33.16,51.57,3,0
"711","Jeffrey Vandersay","Sri-Lanka","Test",0,0,0,0,0,0,0,0,0,0
"712","Nuwan Pradeep","Sri-Lanka","Test",28,53,5077,3003,70,3.55,42.9,72.53,1,0
"713","Tamim Iqbal","Bangladesh","Test",60,5,30,20,0,4,0,0,0,0
"714","Soumya Sarkar","Bangladesh","Test",15,11,442,288,3,3.91,96,147.33,0,0
"715","Sabbir Rahman","Bangladesh","Test",11,7,144,98,0,4.08,0,0,0,0
"716","Mahmudullah","Bangladesh","Test",49,65,3399,1949,43,3.44,45.33,79.05,1,0
"717","Shakib Al Hasan","Bangladesh","Test",56,95,13020,6536,210,3.01,31.12,62,18,2
"718","Mohammad Saifuddin","Bangladesh","Test",0,0,0,0,0,0,0,0,0,0
"719","Mosaddek Hossain","Bangladesh","Test",3,5,90,49,0,3.27,0,0,0,0
"720","Mehidy Hasan","Bangladesh","Test",22,37,5306,2981,90,3.37,33.12,58.96,7,2
"721","Mushfiqur Rahim","Bangladesh","Test",70,0,0,0,0,0,0,0,0,0
"722","Liton Das","Bangladesh","Test",20,0,0,0,0,0,0,0,0,0
"723","Mohammad Mithun","Bangladesh","Test",9,0,0,0,0,0,0,0,0,0
"724","Mashrafe Mortaza","Bangladesh","Test",36,51,5990,3239,78,3.24,41.53,76.79,0,0
"725","Rubel Hossain","Bangladesh","Test",27,44,4223,2764,36,3.93,76.78,117.31,1,0
"726","Mustafizur Rahman","Bangladesh","Test",13,21,1845,985,28,3.2,35.18,65.89,0,0
"727","Abu Jayed","Bangladesh","Test",9,12,1394,779,24,3.35,32.46,58.08,0,0
"728","Eoin Morgan","England","Test",16,0,0,0,0,0,0,0,0,0
"729","Joe Root","England","Test",97,87,2732,1444,29,3.17,49.79,94.21,0,0
"730","Jason Roy","England","Test",5,0,0,0,0,0,0,0,0,0
"731","Liam Livingstone","England","Test",0,0,0,0,0,0,0,0,0,0
"732","Dawid Malan","England","Test",15,5,156,70,0,2.69,0,0,0,0
"733","Moeen Ali","England","Test",60,105,10972,6624,181,3.62,36.6,60.62,5,1
"734","Ben Stokes","England","Test",67,111,9019,4963,158,3.3,31.41,57.08,4,0
"735","Chris Woakes","England","Test",38,71,6512,3282,112,3.02,29.3,58.14,4,1
"736","Tom Curran","England","Test",2,3,396,200,2,3.03,100,198,0,0
"737","Lewis Gregory","England","Test",0,0,0,0,0,0,0,0,0,0
"738","Sam Curran","England","Test",19,33,2434,1317,41,3.25,32.12,59.37,0,0
"739","Jonny Bairstow","England","Test",70,0,0,0,0,0,0,0,0,0
"740","Jos Buttler","England","Test",47,0,0,0,0,0,0,0,0,0
"741","Sam Billings","England","Test",0,0,0,0,0,0,0,0,0,0
"742","Adil Rashid","England","Test",19,34,3816,2390,60,3.76,39.83,63.6,2,0
"743","Mark Wood","England","Test",16,31,2963,1618,50,3.28,32.36,59.26,2,0
"744","Jofra Archer","England","Test",11,21,2398,1182,38,2.96,31.11,63.11,3,0
"745","Olly Stone","England","Test",1,1,72,29,3,2.42,9.67,24,0,0
"746","Reece Topley","England","Test",0,0,0,0,0,0,0,0,0,0
"747","Chris Jordan","England","Test",8,16,1530,752,21,2.95,35.81,72.86,0,0
"748","Darren Bravo","West-Indies","Test",56,1,6,2,0,2,0,0,0,0
"749","Chris Gayle","West-Indies","Test",103,104,7109,3120,73,2.63,42.74,97.38,2,0
"750","Evin Lewis","West-Indies","Test",0,0,0,0,0,0,0,0,0,0
"751","Shimron Hetmyer","West-Indies","Test",16,0,0,0,0,0,0,0,0,0
"752","Fabian Allen","West-Indies","Test",0,0,0,0,0,0,0,0,0,0
"753","Jason Holder","West-Indies","Test",45,77,7560,3242,116,2.57,27.95,65.17,7,1
"754","Andre Russell","West-Indies","Test",1,2,138,104,1,4.52,104,138,0,0
"755","Carlos Brathwaite","West-Indies","Test",3,4,408,242,1,3.56,242,408,0,0
"756","Shai Hope","West-Indies","Test",34,0,0,0,0,0,0,0,0,0
"757","Nicholas Pooran","West-Indies","Test",0,0,0,0,0,0,0,0,0,0
"758","Shannon Gabriel","West-Indies","Test",50,86,8129,4612,150,3.4,30.75,54.19,6,1
"759","Kemar Roach","West-Indies","Test",60,107,10900,5644,204,3.11,27.67,53.43,9,1
"760","Ashley Nurse","West-Indies","Test",0,0,0,0,0,0,0,0,0,0
"761","Oshane Thomas","West-Indies","Test",0,0,0,0,0,0,0,0,0,0
"762","Faf du Plessis","South-Africa","Test",67,5,78,69,0,5.31,0,0,0,0
"763","David Miller","South-Africa","Test",0,0,0,0,0,0,0,0,0,0
"764","Aiden Markram","South-Africa","Test",22,10,182,93,0,3.07,0,0,0,0
"765","Rassie van der Dussen","South-Africa","Test",6,0,0,0,0,0,0,0,0,0
"766","Jean-Paul Duminy","South-Africa","Test",46,57,2703,1601,42,3.55,38.12,64.36,0,0
"767","Andile Phehlukwayo","South-Africa","Test",4,8,250,147,11,3.53,13.36,22.73,0,0
"768","Dwaine Pretorius","South-Africa","Test",3,6,480,252,7,3.15,36,68.57,0,0
"769","Chris Morris","South-Africa","Test",4,8,623,459,12,4.42,38.25,51.92,0,0
"770","Quinton de Kock","South-Africa","Test",49,0,0,0,0,0,0,0,0,0
"771","Imran Tahir","South-Africa","Test",20,37,3925,2294,57,3.51,40.25,68.86,2,0
"772","Kagiso Rabada","South-Africa","Test",43,78,8011,4522,197,3.39,22.95,40.66,9,4
"773","Lungi Ngidi","South-Africa","Test",7,13,1063,566,22,3.19,25.73,48.32,1,0
"774","Tabraiz Shamsi","South-Africa","Test",2,4,483,278,6,3.45,46.33,80.5,0,0
"775","Beuran Hendricks","South-Africa","Test",1,2,231,175,6,4.55,29.17,38.5,1,0
"776","Craig Ervine","Zimbabwe","Test",18,0,0,0,0,0,0,0,0,0
"777","Hamilton Masakadza","Zimbabwe","Test",38,25,1164,489,16,2.52,30.56,72.75,0,0
"778","Sikandar Raza","Zimbabwe","Test",15,22,2429,1338,32,3.31,41.81,75.91,2,0
"779","Sean Williams","Zimbabwe","Test",12,18,1773,925,19,3.13,48.68,93.32,0,0
"780","Solomon Mire","Zimbabwe","Test",2,3,84,32,1,2.29,32,84,0,0
"781","Brian Chari","Zimbabwe","Test",7,2,18,12,0,4,0,0,0,0
"782","Timycen Maruma","Zimbabwe","Test",3,0,0,0,0,0,0,0,0,0
"783","Elton Chigumbura","Zimbabwe","Test",14,22,1806,966,21,3.21,46,86,1,0
"784","Regis Chakabva","Zimbabwe","Test",17,0,0,0,0,0,0,0,0,0
"785","Brendan Taylor","Zimbabwe","Test",31,4,42,38,0,5.43,0,0,0,0
"786","Peter Moor","Zimbabwe","Test",8,0,0,0,0,0,0,0,0,0
"787","Tendai Chatara","Zimbabwe","Test",8,14,1569,596,21,2.28,28.38,74.71,1,0
"788","Donald Tiripano","Zimbabwe","Test",10,16,1864,837,16,2.69,52.31,116.5,0,0
"789","Chris Mpofu","Zimbabwe","Test",15,23,2489,1392,29,3.36,48,85.83,0,0
"790","Kyle Jarvis","Zimbabwe","Test",13,22,2511,1354,46,3.24,29.43,54.59,3,0
"791","Brandon Mavuta","Zimbabwe","Test",2,4,336,237,4,4.23,59.25,84,0,0
"792","Martin Guptill","New-Zealand","Test",47,18,428,298,8,4.18,37.25,53.5,0,0
"793","Ross Taylor","New-Zealand","Test",105,7,96,48,2,3,24,48,0,0
"794","Kane Williamson","New-Zealand","Test",83,65,2133,1195,30,3.36,39.83,71.1,0,0
"795","Henry Nicholls","New-Zealand","Test",37,0,0,0,0,0,0,0,0,0
"796","James Neesham","New-Zealand","Test",12,21,1076,675,14,3.76,48.21,76.86,0,0
"797","Colin de Grandhomme","New-Zealand","Test",24,45,3683,1487,47,2.42,31.64,78.36,1,0
"798","Colin Munro","New-Zealand","Test",1,1,108,40,2,2.22,20,54,0,0
"799","Mitchell Santner","New-Zealand","Test",23,38,3899,1803,41,2.77,43.98,95.1,0,0
"800","Tom Latham","New-Zealand","Test",56,0,0,0,0,0,0,0,0,0
"801","Tom Blundell","New-Zealand","Test",10,1,18,13,0,4.33,0,0,0,0
"802","Trent Boult","New-Zealand","Test",71,135,15819,7875,281,2.99,28.02,56.3,8,1
"803","Matt Henry","New-Zealand","Test",13,25,2953,1598,31,3.25,51.55,95.26,0,0
"804","Tim Southee","New-Zealand","Test",77,144,17387,8670,302,2.99,28.71,57.57,11,1
"805","Ish Sodhi","New-Zealand","Test",17,31,3186,1992,41,3.75,48.59,77.71,0,0
"806","Lockie Ferguson","New-Zealand","Test",1,1,66,47,0,4.27,0,0,0,0
"807","Hashmatullah Shahidi","Afghanistan","Test",3,0,0,0,0,0,0,0,0,0
"808","Hazratullah Zazai","Afghanistan","Test",0,0,0,0,0,0,0,0,0,0
"809","Najibullah Zadran","Afghanistan","Test",0,0,0,0,0,0,0,0,0,0
"810","Noor Ali Zadran","Afghanistan","Test",0,0,0,0,0,0,0,0,0,0
"811","Rahmat Shah","Afghanistan","Test",4,0,0,0,0,0,0,0,0,0
"812","Samiullah Shinwari","Afghanistan","Test",0,0,0,0,0,0,0,0,0,0
"813","Gulbadin Naib","Afghanistan","Test",0,0,0,0,0,0,0,0,0,0
"814","Mohammad Nabi","Afghanistan","Test",3,5,546,254,8,2.79,31.75,68.25,0,0
"815","Mohammad Shahzad","Afghanistan","Test",2,0,0,0,0,0,0,0,0,0
"816","Aftab Alam","Afghanistan","Test",0,0,0,0,0,0,0,0,0,0
"817","Dawlat Zadran","Afghanistan","Test",0,0,0,0,0,0,0,0,0,0
"818","Hamid Hassan","Afghanistan","Test",0,0,0,0,0,0,0,0,0,0
"819","Rashid Khan","Afghanistan","Test",4,7,938,485,23,3.1,21.09,40.78,3,1
"820","Mujeeb Ur Rahman","Afghanistan","Test",1,1,90,75,1,5,75,90,0,0
